"N1222"	"N2329"	"N2427"	"N2451"	"N2641"	"N3047"	"N3159"	"N3160"	"N3361"	"N3557"	"N3581"	"N3607"	"N3812"	"N439"	"N4901"	"N4945"	"N5020"	"P1730"	"P1739"	"P2957"	"P2958"	"P3020"	"P3042"	"P3288"	"P3475"	"P3799"	"P3956"	"P3958"	"P4051"	"P4216"	"P4287"	"P4311"	"P4312"	"P4313"	"P4417"	"P4511"	"P4516"	"P4517"	"P4653"	"P4678"	"P4680"	"P4722"	"P4757"	"P4873"	"P5079"	"P5215"	"P5296"	"P5385"	"P5468"	"P5481"	"P5515"	"P5609"	"P5708"	"P5726"	"P5779"	"P5850"	"P5885"	"P5925"	"P5928"	"P5970"	"P5971"	"P6052"	"P6073"	"P6074"	"P6118"	"P6130"	"P6131"	"P6140"	"P6246"	"P6253"	"P6276"	"P6313"	"P6393"	"P6399"	"P6400"	"P6442"	"P6568"	"P6591"	"P6620"	"P6875"	"P6886"	"P7082"	"P7111"	"P7128"	"P7165"	"P7190"	"P7246"	"P7312"	"P7380"	"P7415"	"P7491"	"P7498"	"P7637"	"P7669"	"P7744"	"P7771"	"P7816"	"P7817"	"P7823"	"P7965"	"P8130"	"P8166"	"P8191"	"P8297"	"P8556"	"P8595"	"P8596"	"P8616"	"P8623"	"P8660"	"P8661"	"P8693"	"P8722"	"P8759"	"P8980"	"P9040"	"P9041"	"P9109"	"P9110"	"P9170"	"P9198"	"P9199"	"P9217"	"P9339"	"P9363"	"P9419"	"P9449"	"P9494"	"P9495"	"P9496"	"P9520"	"P9521"	"P9539"	"P9608"	"P9612"	"P9664"	"P9724"	"P9735"
"2"	6.25277659813055	6.2499613111023	5.80288266140941	5.82761323665554	6.83522965784265	4.80430664101601	5.50882184365531	5.37804505238108	6.56220956711611	6.3575512413215	6.16282687523431	6.7451500835948	7.43396366356024	5.38370480422204	4.67860941655893	4.72987115884473	4.9940316653397	6.10063655517362	5.04301588340967	6.28092193709187	5.81344901237522	6.35140298414926	8.16600063980187	6.11677671408854	6.074906361001	4.99198830228023	6.44451819998964	4.84205053742758	5.12323731673634	4.35934781264935	6.60886574146226	5.64425232484401	5.72805576189449	4.92550871739282	6.07668412574658	5.44231072192589	5.29099812094847	6.09981008161944	5.75561633543101	4.01658586905688	8.92095650768447	8.31536968074114	6.22757899178366	5.07718724481994	6.01393001778881	5.66091298229117	5.77942786280944	5.02979960830649	5.82862542223713	6.53131704831909	5.53730670308411	6.11980171434778	7.43297057292264	5.61246712998509	6.48832674329029	5.53897240802167	6.09438656750178	5.71278695402577	7.48882967519512	7.27985531035748	7.32490504644942	6.19784766581892	5.21727095609476	5.23572282593123	5.29471592880373	5.73904398754382	5.65818250360629	7.74421159418849	6.41077858263952	5.607860604222	6.65041924000436	6.7747674704355	7.75662568809562	6.51172859093973	6.95523971021048	6.39655640312933	5.9295759586428	8.76952590618405	7.93868145474336	7.61766669198246	5.72951006236538	8.16335580946966	7.84189499945375	5.8772909305875	6.6602743215645	6.30255581161067	5.64235687309889	5.84877621876585	6.5626320765685	7.33003268529032	7.62315818240432	0	7.00150006528837	7.70799923437636	6.31775546140702	5.50326689952766	6.16666333277423	6.00331789810085	5.9957716030556	5.69978111652991	4.6893909143778	8.09093595435784	8.41940121503484	5.97658568144394	6.76966078058027	7.26005539992689	4.85340675958088	4.64260240416189	7.42207432222348	6.6657865521901	7.77984228142516	7.28234336814197	7.37708522201113	6.30366790719185	4.93878662417901	7.35521160530876	5.83464783815349	6.56061181064677	6.39215066473454	5.9055340378685	5.32580803639921	5.12724867508951	5.70471533302737	4.50716490198813	5.87202071673991	6.11845520496813	5.51974676917629	5.05148786130853	5.09699616848692	5.01761090081702	4.99745231001437	4.75542814080181	4.56600828915781	5.04976442453353	5.64948284417177	5.55749360743348	4.52993468491689	4.52786232153028
"6"	6.05975685736085	6.29396219628511	5.82100845756123	6.07534363478976	6.93578070463799	4.85853479149936	5.61566267026879	5.18897120836554	6.41465168392562	6.11957489273137	5.96574998681415	6.71037710219527	7.21590577572685	5.27450237606367	4.3981173383302	4.78191004208457	4.8514486625671	6.29075605422161	4.97759178833989	6.01493783213647	5.59817626242894	6.11264889790955	7.91696574586226	5.90222613099012	5.74221223541888	4.90054010183123	6.32666186911042	5.07282942812984	5.07481095709437	4.73554205449442	6.46483338920583	5.52850238107744	5.78138437899764	5.07675546369039	5.98133422786929	5.54720938569476	5.40464422714326	6.05019370070015	5.57395644682021	4.35943305201701	8.91883031687997	8.22129919325677	6.16565022992319	4.91211929147001	5.90807331637166	5.61792030114934	5.59086322587627	5.59165028676712	5.75589809361516	6.42632042265208	5.50166985908757	6.19306947286411	7.42438877570128	5.58752272995621	6.34680034115107	5.89005414495344	5.86710375390665	5.61008700597578	7.38424747136154	7.18168555600597	7.18570898480973	6.03262883249836	5.29077206279935	5.26718064895481	5.54376567015244	5.77282027220917	5.5015155111881	7.73675327403875	6.47196302789971	6.169881835072	6.85275244014855	6.6988762734729	7.68091150081544	6.39073627477095	6.82560758767726	6.19405566238083	6.04173800935127	8.65000895237005	7.82500336756656	7.49430517900807	5.56821721753971	8.06713411627239	7.66579339630351	6.25909025449419	7.03967620323319	6.20359117874884	6.14839532841472	5.79183052684665	6.39917079075682	7.20625633419658	7.51350299494757	4.80774732046962	7.08057742763141	7.79963700933429	6.47745885980665	5.32212911756563	6.07049705189085	5.87335897152038	5.83830166069849	5.45719344098902	5.01260863289643	7.94997761439419	8.24373434672285	6.10223778301997	6.77673938279298	7.19416537861311	5.15539221878149	4.37842424855889	7.18112211730988	6.55374628727578	7.59081810280312	7.11161195992338	7.21893443174298	6.413402875819	4.83534306030992	7.09389144971024	5.59883557478394	6.37797684920052	6.12696573704915	5.7968891866157	5.33410859118916	5.26438212990453	5.58032783788583	4.52938864263978	5.74653978021472	5.87940763347071	5.25697353405215	4.93081159315005	4.90923848242035	4.82291437196938	4.95227718141503	4.66188298067585	4.67943734559429	4.76271561594199	5.48751394142645	5.42968608137466	4.29159015990203	4.47606173245593
"7"	6.33378067659077	6.28459381745978	5.50856715421549	5.87025626688739	6.90330496383148	4.98497375455084	5.34657221825172	4.83768071600875	6.29461654980588	6.231621210215	6.1490413543555	6.74680158019629	7.30337989144449	5.58180145667947	4.61619730828479	4.84967303650275	5.07925036575203	6.35561394308973	5.25402622363952	6.35655071099756	5.88821859551629	6.45041355466612	8.2869641223193	6.26507832155693	6.10252220217476	4.72767933096333	6.44694595079736	4.70143430884744	5.01163133358892	4.46233958885138	6.73292279418987	5.64814329765023	5.78801365270036	4.99385815090003	6.07853257734386	5.35460701500907	5.31681691855522	5.9982169097919	5.52102910397651	4.34494275155887	8.95150882243837	8.27793796192144	6.10869590117908	4.89075496735188	5.88356820795341	5.53965535737852	5.62347165427853	4.7486237314598	5.28208667414602	6.35916113885717	5.19602024228613	6.20038258644098	7.39695095020251	5.58043169731588	6.39051437920756	5.70487096793157	5.59687023042472	5.55632964332421	7.56984108086196	7.31611529589624	7.41761532708804	6.1284541983257	5.26521723741464	5.28410889829736	5.08820698813453	5.7924908654293	5.56089981946937	7.76378389429105	6.40205923798524	5.29624999935601	6.68609359842108	6.5090245999462	7.71778080977481	6.55351566198423	7.05320909650461	6.36546271270946	5.66677847910227	8.74407351114918	7.89852866274875	7.5474673917766	5.63707725414403	8.24432067179694	7.77369869985878	5.575912258099	6.32596409327236	6.1347510045529	5.15270256159111	5.76019042071816	6.57822695025378	7.21021735997773	7.41950090479763	5.45948627317643	6.70908339482156	7.39559964172595	4.44464349073985	5.52381251615908	6.05558128603136	5.97399004197704	5.98053211576403	5.68883176135741	4.12103495979658	7.993545606024	8.26655858843885	5.66381961004893	6.35964996673863	6.86167495137883	4.81490845921139	4.59270924683698	7.55823802998204	6.56119169319351	7.88715333634838	7.11793846925481	7.18839181971269	6.00820444292108	4.56970670215844	7.03244105857563	5.76308041892902	6.68582832023178	6.33945501900368	5.86518952163553	5.09353234610788	4.87474793721235	5.41406656390313	4.4072190224303	5.71233514506772	5.95181337882846	5.38428189215348	5.44402995466601	5.21272760548474	5.01859482412638	5.10426239456139	4.67218008889258	4.45524849006117	5.09346896464913	5.52622383794986	5.18364957849766	4.76181925122609	4.63168936006007
"13"	6.35715947294334	6.36481749346682	6.13583808506802	6.09401073519409	7.05096679772225	4.78684586382967	5.6446740885085	5.193753869242	6.64499060986144	6.4360649595671	6.15574220133605	6.90185679580428	7.4488001235642	5.35029803687169	4.69329094111535	4.97539977523756	5.04228128951848	6.10552585315099	5.01826640329932	6.24110598626925	5.83572315820615	6.75335443881088	8.15030718083793	6.22874724503609	6.18978414209028	5.42597106659885	6.79027362023395	5.50167929880128	5.20865979247012	4.45162189422241	6.83659828041773	6.05813589174091	6.18738561731971	4.98300976489518	6.13091758241713	5.52331885338042	5.29018068791109	6.11946506587206	5.67480476143111	4.29789110798804	8.93096552691662	8.31321993461504	6.35391757667364	4.97961874838037	5.82190866792899	5.78559431811487	5.51120774166212	5.93422996417971	5.95567534172247	6.5290208927559	5.92122077662606	6.04974273657082	7.59761182848029	5.85337827317566	6.24381189203149	5.97494839269605	6.26644244070403	5.84988895962122	7.50384431987838	7.14217633418834	7.1568470587352	6.16204168419756	5.42326455639192	5.46429008982788	5.98186280423495	5.77599091693357	5.42094721822445	8.0228562682701	6.54320082362234	6.49871556852156	6.61982693978081	6.87506612746266	7.71029604095429	6.43974720769912	6.88215223985015	6.30416015738571	6.4978921888004	8.81953761848528	7.93072087754645	7.56161388269834	5.59915966422442	8.16572347769368	7.81551771325575	6.60225158150163	7.27117758079463	6.36454349128082	6.43610887391888	5.90218332009407	6.63397033110093	7.29200982749383	7.66413076776633	0	7.45442880476671	7.95770940847373	6.87701460560742	5.50107762001921	6.10757252202589	6.06400473872058	5.78074872744829	5.59992213499639	5.51773954767744	8.15964327833018	8.46867942391496	6.34926178765118	7.12165142044299	7.59220052631553	5.59903635504723	4.48959247782147	7.48098114259303	6.77441410969663	7.89668811081206	7.365785898556	7.55096627108677	6.99397362939291	5.51868841224624	7.55083459629604	6.11087106889745	6.675481747394	6.67503555803808	6.30555621352619	5.95359400988028	5.8314802696935	5.9120227243795	5.11121847692409	5.79466674681546	6.42096880051811	5.92000727272912	5.2464308708792	5.50880798227041	5.26307882027271	5.54481030142157	5.22356913924287	5.20260327817404	4.89936397987581	5.94938010071398	5.51407348859785	5.108969703119	5.05705530450101
"16"	6.18350244930956	6.29673427707007	6.05712879810899	6.04178534669442	7.00293587367358	4.73668089195008	5.81575780375189	4.99065287202889	6.5775487828879	6.55541720660199	6.25775702871933	6.9462403227969	7.56517780411352	5.34436594009916	4.52542824290612	4.78231163304243	5.04108422656031	6.08197992286677	4.93456444889002	6.33238432122915	5.8309107097993	6.16932227183756	8.14979040380181	6.25627119834425	6.17509964690859	5.59844961045919	7.12073084109003	5.71976263212611	5.22669113612682	4.67823157716532	7.25617706642025	6.43655428992471	6.2665019291532	5.10464174997334	6.08934687861028	5.18425152041198	5.40422887398173	6.06954304353006	5.59802725035435	4.67948204376185	8.90934781750029	8.21520728515677	6.3781410643055	4.93957970020683	5.97425615293879	5.72763298595033	5.63431087629611	5.03142341180446	6.0424849429509	6.37082736287588	5.75449970071657	5.97307342477428	7.37134479839378	5.62785068461329	6.21220465612248	5.76031985414685	6.16575668718714	5.83487930026369	7.41140553588403	7.15679681632539	7.31786305397706	6.07742604960689	5.31776611739441	5.39096176419857	5.35354445110187	5.7361556211887	5.42255258018541	7.69498694703997	6.53278774579111	5.96776637890554	6.75028332108542	6.71282287989372	7.71025516613568	6.38849444736656	6.87320314619439	6.21624668146692	6.06279137272722	8.73343217013356	7.85601470751172	7.50257281636416	5.54212626010837	8.0752501529218	7.74187935813212	6.36300090582538	7.22854894823658	6.22720028553689	6.15237091365321	5.7816764048401	6.50572530869051	7.31000447861916	7.45584912779414	0	7.50470758700746	8.19652298452252	6.7748884752703	5.3760125550751	6.13311814149346	5.90461661438414	5.84836951193713	5.56216588912584	5.26711749689534	8.48795329186593	8.83764007076006	6.25160099361145	7.12439368086479	7.57492094903683	5.29179804808055	4.67813918463001	8.08751202912054	7.17618071450536	8.30915047556035	7.74126327147686	7.74826285880437	6.66003896356419	5.11515101474417	7.59237997299027	6.1332437433092	7.15334252185468	6.84246956901426	6.30644154115036	5.76059609111347	5.54588640790719	5.87184825167001	4.86823980954929	6.35672704949224	6.42252467437719	5.86355000216655	5.45992221494591	5.72160437938424	5.52026574135959	5.76552610068647	5.22235275979703	5.34070778440104	4.85032784006042	5.94179134806101	5.31904835784056	5.3339326874377	5.36860165755095
"23"	6.15170777577447	6.288589014144	5.71202583917465	5.07383487955956	6.7550524227513	4.7879157844618	5.56098659065195	4.94799069283019	6.31868593401957	6.16340708749699	6.06021985348252	6.85634873147468	7.28178761122538	5.45044572836226	4.45233547851557	4.67909859838889	4.95119156355423	6.22380863461175	5.02233886347942	6.33608611996145	5.78250988876066	6.20667020346646	8.15416429269573	6.06598096230427	5.91208951536175	4.92493065268558	6.55988185877686	4.91678788471217	5.25066294406747	4.42135808610607	6.84686777774953	5.80031379435111	5.97588998868759	5.00318427088529	6.17119268932476	5.20823195237245	5.26291503855307	5.8361718960401	5.3882500871664	4.34805940757789	8.90535105377828	8.16020853691721	6.13873866885146	4.65324870347429	5.69647573777772	5.5863260868826	5.25295419282767	4.50631436098342	5.7987141624097	6.21316805566753	5.47469663696634	6.15018795552601	7.49365291696135	5.50038551492779	5.95260968136403	5.26884160407002	5.93908349162093	5.70831609588606	7.38831403189554	7.17471700601591	7.34646036102459	6.19795560242125	5.26287070494824	5.2834520745969	4.87295213825232	5.71727354954174	5.11195709800876	7.62940541925308	5.70622792233485	5.23052989697623	6.04886035801094	6.32450757142817	7.59316872518586	6.57688025509273	7.07743586069374	6.43741218854425	5.53385121017149	8.72923535681266	7.81822516758914	7.45396975175106	5.76999332128118	8.11731704335192	7.66473963383213	5.64744038318005	6.45952155055103	6.01279632320178	5.21328846336524	5.6067511104709	6.31118000151797	6.99827080608843	7.21618543849805	0	6.91951520164192	7.63069447236886	5.98206570883966	5.20629954838414	5.8066650948772	5.47567845071324	6.26260508270911	5.77861945689079	4.72649533329044	8.13346609407394	8.44784971462479	5.73401907773633	6.33102014446462	6.95920229009429	4.89594449072471	4.42922095342408	7.61665980049453	6.78983501018096	7.97664631711047	7.34860350820541	7.40723160561922	6.14277415319745	4.3825801789116	7.10810511815503	5.43308305792113	6.81978970298643	6.42981475579264	5.79724156550358	5.0129371431055	5.031009942521	5.04109805461903	4.35383509351802	5.58411820950313	5.93581640166051	5.42534588757907	5.11606985539735	5.04747035327354	5.15657761879576	4.83765080046544	4.71140994199843	4.2390788966408	5.18039915946718	5.12669623979805	4.85066687746264	4.57101492019695	4.45946712570929
"27"	6.49502787227857	6.23267624013732	5.99067563544424	5.72711602589134	6.91351101178889	4.99844056186893	5.84627555178273	5.27477397157824	6.52346226202996	6.33431358814013	6.20900562628347	6.83140939566824	7.30781875067999	5.55193988876577	4.49214230165774	4.59682155136886	4.86775283812061	6.16078985616518	5.02447868937638	6.25322238811417	5.78978018799999	6.48955984188071	8.22896288300801	6.13932831625693	6.06682889369892	5.14174254909376	6.54877206750362	5.2695941917142	5.15772052872077	4.34679565088417	6.81730683121627	5.78455859829595	5.95442270426148	4.93701540455988	6.12049035437782	5.55393082066919	5.47634752171503	6.07109477958174	5.41520947315237	4.18780968432126	8.88155520228211	8.23400372287025	6.17337655846027	4.73686329718692	5.91296954759149	5.63322336354756	5.6264577034361	5.98417541478671	6.00597242041226	6.45558496778237	5.7255099691176	6.06912951908577	7.43465894693735	5.53654543879207	5.89157062780719	5.67634191730852	6.12331644338949	6.09801553450467	7.42903680027269	7.23846538395336	7.16708742280902	6.17231651764263	5.27054235541691	5.27629379852441	5.7068217787199	5.79909244819603	5.0370538010587	7.83773505099719	6.3374073425252	6.50022165036149	6.50694005599666	6.80484831476342	7.72404579647874	6.47288116312367	6.85354533024397	6.32973948489667	6.17919317785903	8.80737054678768	7.82044843119353	7.46355736311395	5.65880080837929	8.17829160207497	7.70103778774441	6.60904901132563	7.30692701765412	6.27814104251541	6.36398350932342	5.8801823782011	6.55844011278263	7.28791767555551	7.51614413438055	0	7.38386489426235	7.90755420296593	6.67907204733037	5.50984837423643	6.12296255031548	5.85804174717676	6.04902914105528	5.68303226116276	5.34816481458062	8.10830010449159	8.3768589744066	6.30474314646435	7.02774498234741	7.31373838867572	5.18489745892974	4.67706666831357	7.90495528752938	6.72540316122834	8.10763014980681	7.26019521584458	7.41751669806239	6.65177852130427	5.21611072094053	7.36771439217682	5.74267800818963	6.9325096838101	6.67662247093421	6.35228943790132	5.89066196582437	5.49959595367796	5.59397341424789	5.09523736813257	5.92163841436912	6.21872845294395	5.77933807410143	5.09458850855072	5.91700580978823	5.47227011824282	5.99793231716628	5.18171585229758	5.44129678428478	4.92978485620852	5.62489400944884	5.5001390084274	5.46123297673414	5.51009251851897
"30"	6.34695684975935	6.06072729584999	5.94177376862187	5.45255965036159	6.82707848278003	4.80362840967056	5.69683856358991	4.99614315357074	6.11101941551774	6.08668969797851	5.93751749082134	6.60775067174011	7.33327957019122	5.4368577570469	4.36095126559779	4.5771886070327	4.73431319521821	6.10384988366393	4.78542102727711	6.19361652006427	5.60863673246993	6.22201843874479	8.23009597760169	6.23368865128117	6.0809751532062	4.96227943640677	6.36557726815579	5.01241157625181	5.09195627364287	4.49893700239935	6.64579656418035	5.60932670743329	5.69066105790991	5.51540102636364	5.99419111418007	5.42272654067178	5.21661132065475	5.98846165331376	5.4077077983029	4.63944783932428	8.6885126336308	7.94035977197794	5.85217020437026	4.61441120900846	5.78027957081397	5.27029956526644	5.48859766852808	4.78733753690349	5.82985873597768	6.19005730550762	5.55775423436758	5.82567785769202	7.29755567709162	5.17696736010685	5.95168782494894	5.39916108998257	6.07008147867226	5.85263654321772	7.24898568453552	7.06196714472528	7.1167345607094	5.92015761958512	4.95365803850372	5.01638224494105	5.25395241710235	5.80632720199832	5.15301044644895	7.66674732855788	5.92321826078321	5.56846046301327	6.22471171589252	6.74348279686917	7.67117108330957	6.29799105261012	6.77435460413442	6.11704513843213	5.85933984004954	8.68486644774475	7.57453533574716	7.33487939236957	5.35924812401527	7.92287709731974	7.41079915837043	5.9756234532329	6.82183385799386	6.1789458840604	5.58863848872525	5.73801455820493	6.42549965815073	7.21543900608882	7.35719381926005	6.53099095585865	7.21312392439922	7.86684541806529	6.21459034735803	5.32541610903112	6.05266739875845	5.76796179199656	5.84569695324414	5.47152728125899	4.91212902143426	8.1720471574662	8.45168345101898	5.77916826206982	6.71535710057146	7.18885229985935	5.11116636662241	4.0578965002777	7.59026142220509	6.93511390512147	7.93294924954314	7.3841517241864	7.37502239646443	6.04237190148399	4.76449893015367	7.28730760686416	5.78130706629426	6.78462634925424	6.53296905334467	5.79651744106962	5.10403140939007	4.89707353544496	5.46646411716764	4.71597294195699	5.91913146022601	6.12506368686911	5.63306386832028	5.10596433847282	5.27221071606897	5.14859679425863	5.09347491799743	4.6709600881749	4.71380107440731	4.73420492676286	5.60063185697651	5.31093704348108	4.75377190146193	4.63047618378516
"38"	6.25639057931267	6.16065667463073	5.95554676207919	5.77260222023119	6.68989950633098	4.76308289188619	5.75638595561066	5.0193747122715	6.51298613670633	6.21463221033601	6.00765988633432	6.76795245520351	7.29649231542873	5.33102156306966	4.18097241147291	4.6155626943893	4.94052759117467	6.22869517844587	4.93075113516544	6.05212309862142	5.47648295204883	6.15788359944668	8.0465607132718	5.89708184702454	5.77247654324844	5.13796523872384	6.53457573746706	5.25354201764268	5.1031778177013	4.5723869890634	6.62791861557142	5.78120005602748	5.87647308683339	5.46965430176315	5.95621065683503	5.78604625684306	5.35256240783934	5.97906605831356	5.55552236253432	5.25143233796818	8.83979344053746	8.18235130131292	6.07634838893307	4.81931086744423	5.84315987032239	5.50877137532123	5.48934666324072	6.038458811249	5.89261221811606	6.23703399761168	5.64331061921909	5.95374930525601	7.28861672201317	5.48134543886295	6.12011735307038	5.39394055880145	5.92628630374575	5.86411695208764	7.19841815927824	7.00754167386238	6.99473448201481	6.02756568178466	5.13056307977154	5.13585936696752	5.92147749575866	5.56614122236104	5.28954748301982	7.62264199114807	6.1646288128041	6.49309777876319	6.37147978460104	6.52404919715882	7.63497365401139	6.32263581083303	6.7936585402456	6.24517077312632	6.41663734579606	8.65033977825805	7.81143752454699	7.47074585908762	5.57653875380789	8.02040313534727	7.68399001858573	6.3689128591752	7.12320101828282	6.03281088761233	6.43123586973171	5.6839114326158	6.40855318901527	7.03697882444059	7.34543254749915	6.70460740141299	7.1159694466377	7.83565329030758	6.80472768345779	5.31742206860201	5.9105741966913	5.78830698373912	5.83358800623823	5.46120579710672	5.16219357462069	7.96268322138531	8.34814104665874	6.24228793306573	6.6365668244596	7.13851426648137	5.1606890738983	4.46141403072921	7.28172132661721	6.60806496610352	7.76037776990141	7.24671050614868	7.43602215471173	6.53651400086237	5.07514678821543	7.05714935886089	5.05547427844722	6.5489820375113	6.25348726840114	5.97022531256127	5.47572971972322	5.39835551651977	5.42834184479481	4.69733084069294	5.56011140103571	5.85554968240786	5.35508258672275	5.17537930144172	5.18220858475239	5.01469019127544	5.22861232070588	4.87540260049292	4.96123043728982	4.85619756650239	5.24300404830168	4.83302873299663	4.7311302176261	4.74443037059842
"42"	5.94936311859241	6.15104577080875	5.81488385044291	6.06570106123638	6.84104107974859	4.93332725780205	5.59649549181784	5.40243111112715	6.43991899026651	6.57870623969531	6.33782870368861	6.84535438421576	7.29141414260628	5.10079980189656	4.37565648232979	4.75870074672261	4.90866577644123	6.8383735612703	4.8447841798877	6.12136481104205	5.5348151191233	6.4072360266531	7.96559163811228	6.14179894999797	6.06971507511955	4.96850326185302	6.30486757121795	4.95963177452425	5.19231232099674	4.65406655804165	6.52560992950409	5.55684611423896	5.68422074897091	5.19458620959122	6.12841962579453	5.21280556791066	5.45966097366555	6.04149177195826	5.42219968593566	4.38626579295116	8.88806672002458	8.21006905666043	6.05213118727924	4.71633728788955	5.88443084530572	5.44450571574299	5.58542745112388	4.74074864522052	6.0238444254506	6.50500745205854	5.65071782012749	6.14816845178851	7.50690315608282	5.41472673232664	6.11039170768487	5.55217865950449	6.23643295783021	5.90421346385806	7.47340404474784	7.16511190994675	7.1454509393708	5.95767829103679	5.0868436925849	5.16125057709479	5.3029875027883	5.94787152095395	5.29088277264242	7.95075987291535	6.49923674971467	5.62024310526292	6.74471064394389	6.91964899734788	7.75289008619697	6.35125290578574	6.78950978100726	6.14542328669227	5.93298720706934	8.85095239979349	7.91071888300592	7.54759529117916	5.48236913772266	8.18824516246125	7.74841248372977	6.15644010974057	6.92921946210889	6.4465750652246	5.70983612553616	6.057232734155	6.63552938554986	7.41396210280991	7.71294106932955	0	7.30063765057634	7.90430122655896	6.32621641352146	5.51955854266046	6.21392078645898	6.03402090180368	5.93723214660614	5.57855360312027	5.13811409445139	8.22360755042576	8.43182531860843	5.79650238421933	7.09593645039623	7.5220295647745	5.36154444950353	4.64175175206762	7.58440167840826	6.87145956054914	7.84034294628508	7.32779954524704	7.27527725475044	6.10628135168954	4.80247679892109	7.44418724613885	6.1205607705676	6.66805858136053	6.42305047941368	5.77759796884117	5.12846550650024	4.98693266204074	5.69717483450964	4.39834319417645	5.91343394340719	6.20811766495175	5.6367805703679	4.90486127719225	4.93265317849853	4.97914348183485	4.80273473962808	4.66076447856991	4.48007653954236	4.81192089624291	5.96155027152852	5.68525631122686	4.40547971916759	4.16869867377403
"44"	6.13711822415137	6.21122709860181	6.01883234775986	5.87660258670132	6.8837218347872	5.13080898044069	5.46675021157403	5.60002435847471	6.70410777191971	6.62049396606827	6.25001675083622	6.92329527064686	7.52520579025539	5.1016680416522	4.47297675766601	4.83367011852851	4.9450319539245	6.19798643652394	4.96338686403006	6.18640309077288	5.67112635497552	6.37070974512469	7.93410670258653	5.99704099608684	5.95999226684032	5.27359636875221	6.63789441543908	5.44773030243035	5.42607381882194	4.68150046998845	6.68580934000741	5.90126603404955	5.89605010653736	5.15422367061031	6.25190042108663	5.34180040448708	5.43574692535362	6.07637570911114	5.71392604719192	4.81007571341661	8.97452578520343	8.42381172681847	6.27043565631048	5.03349894626286	6.04784044503371	5.67394061845875	5.76706974103035	5.49516329556261	5.88408575774863	6.69581226238251	5.69526613940143	6.01128236896979	7.67051850069561	5.59797563204489	6.39940129361743	5.70969200543528	6.14713133697326	5.56031046269209	7.44118263289006	7.35908401517303	7.17165508896615	6.34657534671104	5.15702528160514	5.24303209260684	5.6478860298626	5.9422685515697	5.58738169663428	8.02725947722051	6.40552717894073	6.19594971786808	6.60202600645508	6.97972820093845	7.65807524756937	6.51846603323832	6.92034714949808	6.46207814955451	6.33712167831641	8.85621685808167	8.06702582403441	7.73318329681542	5.74596192337719	8.30076108414298	7.92093681388777	6.49914098518444	7.30851404528542	6.31602531065207	6.41632773599137	5.969079809884	6.5341950924603	7.23415775352095	7.8073861112391	5.16377688510136	7.5217757143312	8.11585970190735	6.84995651328272	5.42837763933953	6.01207802191408	5.85230044407427	6.06884793431075	5.80909574811588	5.40185837664501	8.23523090378395	8.52104559006055	6.25318020561928	7.08220280981079	7.56786143256555	5.52687199530758	4.81056577498127	7.48588163172333	6.78515081183452	7.83923990575641	7.42389666392712	7.53568695983181	6.51993884936566	5.05729059253049	7.47432802951498	5.98945257649583	6.62552841245094	6.48942378548245	5.99166378341898	5.47479998312744	5.39559579926669	5.71729303528052	4.75885506722476	5.99279679596854	6.26303545138688	5.68678860305544	5.28175628619875	5.18070951423516	4.99768700959215	5.23497816041329	4.85940161735432	4.88394020246288	5.19014252873506	5.74714190207683	5.2645302437519	4.71756665926385	4.66413236769885
"57"	6.13804330743164	6.38422918420615	6.09627408796583	5.96200853671561	7.00869808987043	4.92626396807985	5.84848562963784	5.44293890636205	6.69240976208413	6.53199159274492	6.33212787883249	6.91824459880804	7.46109946487307	5.29299131189319	4.66843092814165	5.00626746223576	5.09745965557967	6.19799414470757	5.04872877814494	6.04675574087563	5.50986972052559	6.35790608356255	8.06307240358788	6.12937501122989	5.9791955150805	5.20676922523082	6.6101586253906	5.34649615064935	5.30937355984159	4.81431280161847	6.69597085777021	5.84261903608537	5.89111818068584	5.11388388329865	6.17336985747074	5.42531489858214	5.33329590001864	6.069300233565	5.74532287782694	4.61311601790542	8.9775860721665	8.31932554646754	6.18846724024179	5.04101468450483	5.93592020340891	5.5831839192558	5.67329836124069	5.60132160623327	6.20344630397301	6.46591899304561	5.90427903038911	6.13084529122408	7.60427898625058	5.69609844433681	6.52026810069614	5.73161640122899	6.26674591112619	6.06590969795105	7.65478259035783	7.29148606749787	7.3156914262646	6.15548057576938	5.33167160701589	5.41226780223913	5.58056165781069	5.87065878825508	5.64236657035053	8.05454411345318	6.43383301397739	6.22258330176564	6.59267529889394	6.82359230730721	7.79618898611055	6.50774175324679	6.96067817140607	6.33047343400702	6.22183632861655	8.90032905110627	8.05844956075793	7.74933784924086	5.66778821086979	8.27949515390763	7.91268045501549	6.34313276370128	7.16837902341904	6.30939890791982	6.24749356004712	5.97866764899957	6.58077745008138	7.26397792611764	7.56331872858834	0	7.30133975428357	7.99712533604325	6.72586795574778	5.47686856659877	6.07530894660084	5.97859128119611	6.11884251883547	5.70391863095336	5.12420676821026	8.13827079609083	8.48950609977199	6.17492491648976	6.97071224593437	7.40058271165015	5.3888692445907	4.65512238867901	7.46270234663942	6.73928715113727	7.83584245289904	7.38181318267826	7.50105720719168	6.48998715034713	5.10466325165165	7.35224370106847	5.054655945721	6.64438816504978	6.52866671628355	6.03104592958215	5.46795451515261	5.35546550468176	5.64236785670437	4.80728757208185	5.59626195488242	6.24669647944333	5.68620694558367	5.47748894645036	5.26060795890063	5.12874520931567	5.29378029311192	4.87893802464377	4.92040286557845	5.08517101481246	5.71969141970749	5.28711527105157	4.76858971207986	4.73782072220145
"58"	5.78858195634873	6.07235174813489	5.52130679788116	6.1537033049083	7.10323671637168	4.82062667587851	4.68874017399174	4.97225094146836	5.98328096919397	5.95292919764338	5.61013901648691	6.37111553964453	7.22843269857731	5.11210574516796	4.53802524160681	4.60140980031881	4.73880607649802	6.14435466997286	4.83317561753136	6.25355461383663	5.74815700486383	5.97135332812821	7.83639849651124	5.89063045808798	5.81797560716343	4.46334029247066	6.16687631677396	4.40353796415465	4.8676214966105	4.97834488752484	6.4577620330762	5.36023109798246	5.58907924767167	5.59980984690658	5.96353912255613	5.30569952543277	5.32701626862476	5.91497646884366	5.39134449262591	5.29078006686694	8.72304384119296	8.12235253661787	5.92819945348685	4.65188153522338	5.80762262224934	5.38604677859483	5.5193683956943	4.44538606729288	5.24798479832206	6.37458870887088	5.13770121828317	6.09242973133794	7.35901162802524	5.53212974312947	6.20816768620629	5.77600473795324	5.75503891099167	5.06701540273846	7.4087958795225	7.18052584997426	7.21624826522225	6.05981021786032	5.07326219328718	5.33290280568579	5.01659297536134	5.70502766060852	5.43860309830065	7.40166172827134	6.68372821994286	4.93338644693386	6.87783712739109	6.71754443947011	7.4164627596638	6.3906076739578	6.78480024253966	6.26674708604489	5.5744733281691	8.47212399550738	7.75444099570435	7.38255624202062	5.62731382007992	8.14887893612348	7.6396717221773	5.4361211245944	6.24310405643108	6.26431951476359	4.99016092635105	5.57786056375646	6.33666462447236	7.1758728988103	7.44126471171708	6.42173222219679	6.75079448754836	7.58068610502482	5.91949424006443	5.31864235610409	6.03020531849071	5.88560775918618	5.83005943083737	5.74854772200956	4.36109613923927	8.00132518009128	8.38817174204	5.71587554203281	6.84586011619258	7.33771656693206	4.9236305138001	3.81871963931364	7.22582986446319	6.64587195375132	7.70319625291012	7.27595184077592	7.40417664862814	5.92749863037332	4.19833949609514	7.37561734770543	5.78055456081117	6.51237710688141	6.37218597744355	5.71129893365414	4.95576373317693	4.84467290586912	5.66090776750355	4.36072496934188	6.09292301103135	6.13716921197431	5.57288274972326	5.16613634025489	4.99140892834931	4.96546638471364	4.76123075508267	4.46653013286219	4.06755326149611	5.01868593874128	6.01060351736927	5.93119782641137	4.47831681272006	3.92346623969477
"61"	6.24878956123161	6.00220970507862	6.12231583644184	6.05037279511869	6.9592824304438	5.14565719144329	5.51420350096622	5.30473991697365	6.3408189534275	6.42053233322327	6.07817287501895	6.70613617223521	7.55385730788511	5.14393116273741	4.39019246449538	4.68763114662045	4.82110845657042	6.15144922356594	4.80888802533945	6.24905936091628	5.78982472274131	6.194950082722	7.93714331452304	6.0190186151547	6.10637926607202	5.03623433847913	6.69603636097055	5.21339661576986	5.13587556592334	4.62411247123502	7.0787438360692	5.93701736264936	5.98816041812644	5.07301631518408	6.21619705420753	5.28540336596256	5.195727836979	5.90338043285702	5.70869982987443	4.15739299439451	8.94346518272556	8.41522716901977	6.17415026420083	5.13321753931333	5.88259038862617	5.52455306295992	5.46269127226452	4.91972852354268	5.97291860262137	6.43687062190916	5.90481494028705	6.03038758227011	7.75683161084011	5.58066694407346	6.60570930140743	5.57293221340379	6.39838033369937	5.83951041399126	7.36121903589894	7.42805765129226	6.95029926706208	6.10414315868167	5.16708505804365	5.23718041750508	5.3538297094574	6.04879437899046	5.72098500106369	7.84968930505904	6.54824835701872	5.5723625756321	6.70721527214162	6.80755193951847	7.58131805651562	6.58133821368023	6.90828460740007	6.36503567134038	5.81807359983722	8.8219725374304	8.01356269135076	7.63898377150126	5.62019301984235	8.42475263527815	7.90866277515053	6.05373783965781	6.85491235509515	6.41734096999128	5.500313471541	5.87177258338877	6.71101330499086	7.6112610534587	7.57417971316177	6.07718978985537	7.28975323103354	8.0262913323014	4.85046892843963	5.62233082107329	6.38689099125837	6.23931149402417	5.93706791846729	5.78943876773798	5.0118879080204	8.31261777686432	8.72898001318551	6.11006723277677	7.30944363621381	7.69496310309064	5.39628985928409	4.86369262637365	7.65763105545239	6.88034756149525	8.15977105926794	7.61342010851068	7.76122051985323	6.54870774311123	4.90232163793163	7.76302863346975	6.15339713126857	6.98006798797641	6.94645874990488	6.09379522786846	5.34782648624619	5.42118308250368	6.16253214686271	4.94219473470435	6.27397716365846	6.55112818367138	6.00606536522387	5.47735860416683	5.39203181537583	5.49867024879296	5.32893037985545	4.93429312282126	4.94448933457123	5.17969538332451	6.54085469094662	6.11093364303884	4.97723417687936	4.97192907250672
"62"	6.28968525357747	6.14231217484882	5.92635628825527	5.91073765881687	6.88458411069777	4.93413601765714	5.693805009418	5.17739074875538	6.5427223786799	6.40293577798949	5.9295424010731	6.71584329333385	7.42848727214383	5.27689289741581	4.4680937702398	4.74450475763601	4.90230570343822	6.11675580386856	5.00381884953946	6.18891723974522	5.64654340345152	6.38245039995297	8.00113073244416	6.11238578835564	5.86130896128164	4.88202934217599	6.53355104308538	5.10404849830004	5.1690645833696	4.48022662313822	6.7718749312997	5.79688142205249	5.93716058048606	5.14545031798163	6.12428865433542	5.22688796468707	5.24390106440637	5.88478653075104	5.54624731685385	4.31660726303889	8.81621159455942	8.22763659205608	5.97832416199513	4.90603389482969	5.88401105756351	5.40421586103848	5.52169184840312	4.97386538900432	5.83625098854076	6.33494667703282	5.70399385075366	6.09282482076778	7.41915164231245	5.6044571831601	6.41795869347634	5.60426332302658	6.11264186138469	5.68561429700909	7.36659514653276	7.25629406619159	7.1687516805804	6.11266699130713	5.17261110334096	5.17359705073684	5.1347430433756	5.74821129215885	5.59684297961652	7.93365950359651	6.40864895949965	5.64404478852129	6.77539845474264	6.60507113228378	7.57957096885463	6.49584796002083	6.95631771756285	6.41334654463518	5.75199333119939	8.75288694076965	7.85679961603373	7.46907866299375	5.78259429557488	8.16745853135919	7.69931330868765	5.97260379687653	6.74922947182665	6.16371730966813	5.95769715325701	5.70435491329016	6.49813321514191	7.2177262918667	7.55336981932448	0	7.09242235946977	7.82931580423002	6.54298069991874	5.39891746021482	6.03313050772941	5.91522170100833	6.14021003114047	5.74709393408281	4.85446375620524	8.11590061000337	8.48519001326976	6.07316129001213	6.83229068877861	7.3183338495653	5.02112435684922	4.44242097070501	7.70194185265326	6.78384857467927	7.83157359832558	7.42130541134909	7.62357674903823	6.39504405359164	4.79173702274004	7.44278100536033	5.21942340398596	6.68338785267515	6.55426244394051	5.9482960133091	5.28046113145374	5.33361773437233	5.51309342205357	4.55434534050267	5.94701893439908	6.34369723967981	5.77611470849842	5.24502974031572	5.24756282367374	5.22660299809473	5.17206469141109	4.8668892616227	4.71408227553409	5.08369679061643	5.96471391634893	5.42408709832935	4.752027539688	4.633619119528
"65"	6.45171844700297	6.2302498667082	6.0342413088861	6.07103209369183	6.85465643376402	4.90660625644586	5.56629427515175	5.60734230648981	6.54626657666227	6.53236015110692	6.24223050329629	6.73165152788728	7.50032307801644	5.59207666930901	4.54414968403898	4.75704670646844	5.03106776297478	6.13334343186785	5.16414993932104	6.23757967653486	5.73374167833135	6.59732039042224	8.258562579564	6.23986707012845	6.18816407154988	5.37625275750824	6.724592379498	5.36543631574974	5.16443792157746	4.40052641956376	6.91353692786225	5.92463841281674	6.03117287135443	5.25707470184803	6.08035442660885	5.41591407924962	5.53962389305438	6.08518208027207	5.61315052184157	4.66771289139303	8.9151394971269	8.32648906610663	6.24781473221211	4.89422265716911	5.98115284312213	5.58150467381332	5.76067439162818	5.77463088921979	5.90202640139309	6.47582831930325	5.80538244749676	6.17374873800783	7.42166577652806	5.55491089315613	6.14934537850952	5.5187724655387	6.10633235151838	5.84161540349028	7.52365010516055	7.29691823563482	7.15023773914661	6.33033786665237	5.21059779134502	5.23123810892158	5.84803662513857	5.66210533356588	5.28744653778896	7.9445871370191	6.58444261114072	6.39450071130638	6.75120040022814	6.9360370639497	7.79806723585672	6.52016309781225	6.95512674906486	6.48967785422095	6.43253429785007	8.82984112899481	7.94694793259097	7.5852958919346	5.82642831709438	8.15653461403469	7.81723340736337	6.53585239291975	7.30061939333841	6.34352773762345	6.42556258565296	5.87897085124368	6.73449651736488	7.34558876582299	7.64779506085726	0	7.5121848571163	8.11227614025868	6.86869891278405	5.59397496284398	6.17514317345003	6.16900661181598	6.06391515640918	5.70877813248664	5.33876039338942	8.28057381799116	8.64332088759826	6.32085118253597	7.20203007725936	7.58813820381444	5.3416222495869	4.61271510563947	7.70897425167869	6.83623205577867	8.05278894547193	7.47602124252584	7.67013355301695	6.74894853936598	5.35903366843438	7.606796219132	6.08823073685696	6.81095750700878	6.72717789173567	6.27239028234237	5.62090231972378	5.56035504477848	6.070143932392	4.95052632153081	5.79648080413655	6.39368626317184	5.82095651456391	5.42290420383597	5.56551654281609	5.36880605390123	5.4728769237347	5.07766399679811	5.03467015972559	4.88430037129258	5.79445054095765	5.29428122581465	4.94443129404807	4.91850596438676
"66"	6.25548284570726	6.56545878569923	6.23233044421634	5.92313444651126	6.9733055083838	4.9466740719229	5.96781441463143	5.45008013181714	6.86103094687426	6.66980038004065	6.48701174673764	7.10525975458477	7.58875191105288	5.39429439571733	4.61689867913778	4.4905457149878	4.81605434736993	6.1744555247681	5.1135827382113	6.17735553024342	5.64152031380624	6.30294815794058	8.00993548835761	5.90312516342035	5.89103167571172	5.31703672821919	6.92127898376251	5.43581252504584	5.3217704987652	4.49772185829123	7.0199840119783	6.14845056341952	6.22439708150895	4.89185539646711	6.18146970522325	5.3398072778323	5.18520036407026	5.96752658856096	5.63075576051807	4.08965964804795	9.04609541388269	8.38954366774581	6.50402709816915	4.93619891569237	5.95340723399491	5.76170326965815	5.617689420232	5.46931558372222	6.266278981868	6.63035158709288	5.98713321229757	6.22382860821482	7.64819631455077	5.68612330235326	6.45742617813923	5.77668956391371	6.27767773346332	6.0028491599469	7.49188547322923	7.24749994651756	7.24619565078653	6.29532954739005	5.38834617832786	5.4536220870182	5.46747017483874	5.77101914604883	5.62548952879064	7.9142175585576	6.34111665112873	6.17772604757952	6.53159220203218	6.74340251053779	7.71282220683686	6.61959769618201	7.01128194581218	6.41753911571696	6.1988156579488	8.85941020184313	8.02033683217469	7.63433637870501	5.66772950573385	8.20270432075256	7.85078979202739	6.48788282794647	7.33527130455008	6.31498020108747	6.34266562036397	5.89854709531101	6.48646462595247	7.20606451934517	7.77066728679319	0	7.59208511270217	8.25108070063851	6.8818688448261	5.36143524958885	6.03325000294136	5.84133619064544	6.04101982151483	5.77606147226731	5.37031134654629	8.52724363233014	8.87112778913676	5.89042957046134	7.24119995269142	7.69868014635031	4.65014339293135	4.70391253380058	8.14176448364911	7.08686111578752	8.28310710998032	7.68431850500604	7.76393971019254	6.97986801432718	5.45040909018504	7.71469674278385	5.88541420298822	7.01443904839593	6.78732860751364	6.40131487981132	5.8397496007729	5.79354104764747	5.88050616300467	5.11083271254755	5.88859690140055	6.60576646782107	6.03955529151243	5.46819958607261	5.59915540145948	5.39286694539657	5.59963562833133	5.24387505768832	5.18410999549976	5.13419177513096	5.82512889114235	5.50795607156454	5.12127186039651	5.04725344425804
"67"	6.16953718942325	6.51356316628507	6.00843834563251	5.9065054931828	7.05984503110593	5.06431607155148	5.56386051196359	5.21813621191429	6.45094050275259	6.57313279705864	6.22458459479127	6.74783160420888	7.50369115150657	5.40482927106312	4.76515648573784	4.90426733634092	5.12646195591917	6.09608441669337	5.07830489717082	6.15842793293026	5.7459090692983	6.45480432396515	8.03533206097658	6.07814131433043	5.9822401527286	5.18206239437721	6.50827216322027	5.29932770379266	5.20008406366215	4.58387089977951	6.6389339065411	5.72975336206327	5.85846843885919	5.57212522881701	6.151096376246	5.32972708606223	5.30036914836767	5.98341558290185	5.70496075829514	4.68889434976678	8.9510488162005	8.24967691858264	6.13156766222404	4.9748897281877	6.04275344616235	5.51873445284075	5.71160133309047	5.64989946387343	6.00421214143463	6.59299448222336	5.74555217493181	6.1765828915635	7.4664216838055	5.65309070121902	6.43310789042634	5.95223389214792	6.23212741512589	5.82177618729732	7.72380477341266	7.31832529419925	7.27385905354097	6.22863310075737	5.37623686989167	5.42902709732673	5.66717248556491	5.77352461956709	5.6099433052221	7.99778418891558	6.5281548607098	6.35687792158512	6.45337491698077	6.89090540333036	7.74936793638868	6.63550244520257	7.02670237356583	6.41259106816794	6.25228516558521	8.82512986556236	7.98558350130716	7.62637804566369	5.74976135246518	8.28481792930816	7.88938563931499	6.58394946559062	7.35760957580123	6.35932161099665	6.35484994969594	5.95998559994841	6.66946351156952	7.2930696110547	7.56310809651147	0	7.54659484970787	8.0866793823007	6.76446315028153	5.56873675035214	6.1001112697623	6.05472142316787	6.08537692894209	5.8506518705615	5.38850811753148	8.21111973997598	8.50533288634811	6.09703472447555	7.06216516237345	7.5162016917126	5.58862617059855	4.68338983337263	7.4860843223004	6.80948032238762	7.82387423487696	7.37025358265521	7.4295286172674	6.30362732882702	4.93370372312734	7.46608073114169	6.03102409509182	6.60587916373658	6.46261658768738	5.86267581500463	5.33267109863896	5.15878994109783	5.70242510773057	4.70005412570129	5.95214565206116	6.25128309734081	5.68485657778268	4.18872239094906	5.20086171083912	4.97458827471478	5.18520008055	4.74447362770268	4.77574875951125	5.30108102226785	5.80083319530136	5.66709107689025	4.6641984303539	4.55599645662405
"68"	6.64347379847689	6.23876773748769	6.29115031604558	5.76263378183222	6.84863021003261	5.02694203613034	5.87379208146457	5.26697472531147	6.69279080092854	6.46312714994326	6.26578329031471	7.01308845252317	7.50230254974096	5.40997705751571	4.4463774614867	4.80090546075322	5.11021214768784	6.21730387208388	5.02970917367305	6.2457591093491	5.73411177186888	6.46808268468719	8.18381031066914	6.11434639095565	5.81868469648866	4.77096189632622	6.41735409392023	4.97579770253889	5.00243519771177	4.44916108633048	6.65459118658427	5.65410046145815	5.83561251827339	5.15208307644631	6.07507920434758	5.71614772254837	5.36851262215712	6.02541688296509	5.63823239815914	4.12722145882417	8.98417190156744	8.45577584215765	6.25086651044834	5.01382696211559	5.85515818390601	5.64149860084942	5.58120484014042	6.12296287752174	6.22323185740699	6.45567714548461	6.01631407015908	6.01853282197541	7.39921496118564	5.8469620586943	6.13614069822862	5.67757027336033	6.21630210946718	6.18279884162894	7.56445490083826	7.43297746386709	7.12942852809055	6.19134759870493	5.40906569651187	5.47318117751079	5.78689495687751	5.57449126037493	5.25247000363607	7.95460465651254	6.49251077253396	6.48027419628674	6.47883146423647	6.42610100908244	7.65932612821587	6.71687106516603	7.12124689499668	6.49341887210141	6.21001068514968	8.82748164513727	7.97073147963224	7.66331177019514	5.84641555026012	8.28956465099076	7.91426041640385	6.17394489210735	6.90146257168518	6.12615089647982	6.11737372403007	5.82620662671843	6.60885291501945	7.34185792836204	7.55513037619	0	7.0827318877856	7.77198485117303	6.48550379894361	5.49965272251855	6.1992108714983	6.01550477548997	6.31098352369759	5.74506151259093	4.87313265757105	8.05301425539641	8.42145173263131	6.38650306769682	6.80253825334071	7.36673553673782	5.27104032604949	4.90154931208748	7.37093847868713	6.59267984762851	7.86699256857306	7.31619121299921	7.52371929004907	6.6714050216989	5.09582465889511	7.31794994424613	5.44076933005321	6.6751019100161	6.47353280578599	6.10009678439291	5.59495146903512	5.5297137596635	5.45706444240948	4.9246918765789	5.77823325191624	6.10693505567736	5.60083344191325	5.23269987642143	5.39337968287934	5.15898543864577	5.38846728329432	4.9649173638754	5.0980959271954	5.28450698249347	5.51067206296858	5.20381559844249	4.96437679373847	4.97064431721895
"71"	6.16721480551366	6.24750731540521	5.71180579544539	5.93321898512133	6.86033543074781	4.96735652622156	5.50624843875614	5.09640454763102	6.35960651656144	6.14282760711522	6.11405759013684	6.95237024115354	7.23375609532069	5.30763443385463	4.38282451168813	4.88084879156495	5.04953664688945	6.21730281881086	4.85751021920648	6.36156900625617	5.86380115347246	6.44071092934807	8.17843503548821	6.06745213836358	6.01440249878231	4.88159210980823	6.40377541700585	4.92942296207954	5.22999957741319	4.93083176091728	6.61333569551753	5.66116937778868	5.71822466514197	5.27807122280912	6.06508464315858	5.22622447130771	5.11240724529473	6.01929288148225	5.55553638140174	5.09764352461078	8.85606334838146	8.22271673120408	6.06240371770307	4.81592544312626	5.94279408433896	5.52985891880696	5.68960317373224	4.61674063091169	5.6659745854467	6.46878583501811	5.32691276148398	5.92718515804645	7.34024576156793	5.59088049396014	6.17812333866523	5.61671459886124	5.93571222258749	5.6262473383102	7.44376381962189	7.25071658758231	7.11398978592676	6.24930697859509	5.25253362218943	5.25383720543774	4.95277704637817	5.70003870309048	5.36574043876695	7.83318250451427	6.62180202522417	5.42123511351839	6.69308250197007	6.61619867453321	7.67241477724603	6.5024024000038	7.00321875926434	6.49405839827362	5.62617770749466	8.74092737882005	7.83722349020122	7.48754008885738	5.82469447190094	8.17355016544981	7.70228919540262	5.97602576518536	6.70002709244908	6.17072627930733	5.45415233227362	5.84839660473952	6.44549989780886	7.25157203719878	7.51063963320153	6.17993880713846	7.13729174828338	7.78705872576557	6.14504995858998	5.32560616615679	6.07638044443391	5.8161585440903	6.19996761154129	5.90882727960291	5.10730156897962	8.18605094163084	8.42837375229194	5.93420631522091	6.94315095105069	7.55607926429425	5.27234157014961	4.46183634669917	7.63321831073162	6.86178081948894	7.93119202552663	7.36476255685056	7.32198222934007	6.23032474649937	4.71539231265312	7.40679012586811	6.13764934390808	6.79409323787303	6.43934169547714	5.88006933991841	5.33854832323313	5.14664082073772	5.57421154937273	4.54880901289457	6.10938278344271	6.14811132811221	5.61916045316821	5.03254905864778	5.17381015482695	5.10930850524675	5.00091799622586	4.73373558493719	4.58268888745665	5.15889176744307	5.88458745303712	5.81752359066862	4.65555533030232	4.52558079742597
"75"	6.09802801020802	6.19882362619358	5.81635479846546	6.13336355851188	6.95144617598026	4.9665587837867	5.44674742901665	5.3681626235663	6.32023687589394	6.3023335266496	6.04669958190462	6.77238911984004	7.44281766606707	5.2706250408424	4.5371548090908	4.86159324869779	5.04630392340605	6.21733072968268	5.04219302316755	6.23741403361851	5.72292483528188	6.15650402354944	7.96852446138644	6.028953735067	5.89729112529925	5.09644141712644	6.63904031143933	5.13021922832863	5.27970435015548	4.86554059727079	6.92138564189023	5.8896946312548	5.82313187543227	4.55497745154918	6.17610457721558	5.14765344976564	5.34325789406479	6.00932169309587	5.6901782647262	4.22560207327361	8.98577911093528	8.32457277980615	6.14165354610248	4.96043966704532	5.75095433975923	5.52864923129929	5.53473119841489	4.79724606800493	5.74405010156534	6.55080625290089	5.56393246953728	6.16341841554697	7.5927202294269	5.62371022508522	6.36954572167365	5.8935810735012	6.05520932123885	5.65003403554592	7.49909405835978	7.19427229055186	7.13229235647143	6.19811608098243	5.25425748354556	5.30094312808055	4.98134855403608	5.94918574261539	5.52727291103735	7.81843487229678	6.64683574702189	5.47531460094945	6.80500402392267	6.85157208958969	7.76849128934	6.53706427769603	7.00420698017155	6.42163978758509	5.59615025717836	8.78362655677742	8.00780536726191	7.63667190595092	5.76446755756484	8.25599379973207	7.85268690517893	6.06867444649824	6.88450734311268	6.28585491250898	5.5717016129128	5.82830819471554	6.59755226197855	7.41574737234686	7.63556637554287	5.00216735815601	7.33584708680516	8.00113029927872	6.27196444572981	5.50170871108632	6.25342330479341	6.04370329126087	6.16709333466613	5.8273708887297	5.10007333086569	8.38466660978516	8.72631520797539	5.80191776675816	7.18468149586287	7.55294342536882	5.26841039922987	4.59906335925292	7.80563180640634	6.99165218423015	8.16458421956142	7.59866654558545	7.66070652368869	6.16802875833322	4.7810260092185	7.70358762928736	5.93354999787378	6.99706972335451	6.60370145001823	5.97074337250714	5.18065766058916	5.04824986358017	5.37290114547234	4.65941785356078	5.92038523335983	6.43126499114552	5.79749702594869	5.36651821137516	5.41579689097776	5.25794410914168	5.09735693257189	4.82502539529065	4.58005802971841	5.13713754322344	5.99602877653095	5.80625881841838	4.77411262822798	4.56662660776881
"76"	6.15188903812521	6.22281216142481	5.7665002177781	5.70405772583382	6.84726354616979	5.08697523825823	5.2526499083571	5.17584537878824	6.36498900848416	6.39973237322929	6.11857156761385	6.64119887097842	7.4273653467564	5.4202281291759	4.65479384112034	4.78580878985199	5.05564585999466	6.1877626175257	5.05949639431362	6.2873067103913	5.73869480063292	6.26833689026383	8.15601852769621	6.07775768678423	5.98829740967376	4.99557443298787	6.40523243472733	4.92048418361825	5.27150123714124	4.84438769813767	6.56349223926246	5.61665885563447	5.63636250455752	5.04858162541704	6.22580533487163	5.35662274523	5.49047342436435	6.08050527154718	5.71085934908457	4.51210592997048	8.95234818973703	8.28193149572597	6.11304343098906	4.94097036431448	6.13322872413912	5.48376026718468	5.90797165831632	5.26564149286856	5.82228670927732	6.50318633475714	5.48884503456696	6.19028938742108	7.55528457712857	5.53555398588699	6.19054599063386	5.55167209012284	5.96435359928106	5.6068160869369	7.6642162147365	7.38235425571987	7.3522691753418	6.30892621045566	5.27445643955549	5.28979022412887	5.38110821862224	5.93443673664294	5.43093585377837	7.81366143567066	6.36226979934566	5.65844022963572	6.52462080649864	6.8209998664084	7.80248939162637	6.60434022943467	7.0614279739329	6.52428717777668	5.98032531228214	8.75151028115487	7.91070773448409	7.56605405957408	5.90222613099012	8.26260342205915	7.79016492454145	5.82967588416553	6.65087503835447	6.25742224149783	5.6698483102877	5.7931917351209	6.48079873625725	7.27157142385737	7.54597400714717	5.39127552408155	6.95185244018144	7.75578524461919	6.3047635993478	5.36104432314876	6.10886290709416	5.86917226426813	6.35688307704695	5.88629090374835	4.65824890509956	8.04640931147744	8.40445876208701	6.00000304005073	6.64085604069524	7.14463709014321	4.66933464256821	4.70948849521843	7.32684033272803	6.61558995325322	7.73533177435721	7.26927635273693	7.36561020661209	6.14330402528569	4.81401706540061	7.20901636205619	5.50012157199052	6.4993302923718	6.30403811755301	5.74991077108384	5.11677538648546	4.96508193592683	5.30599223322201	4.57786905851854	5.31716918831394	5.98161889448338	5.44413070898992	5.38728960666404	4.94987273228708	4.94119284975589	4.81029019600161	4.53501458755917	4.4766221083935	5.29633539608073	5.47932548661887	4.96020093643676	4.5350003971525	4.3617588019984
"79"	6.15385722503854	6.13699152041302	5.85801916399534	6.03345270748735	6.7731688545974	4.81286665077103	5.52941803378139	4.81146970350185	6.19277785957011	6.18082093565452	5.91807843171106	6.67714695922206	7.40906772839556	5.14686013510663	4.56177914137004	4.78475832629633	4.86271507717286	6.13557086084235	4.78401513862415	6.1866848871939	5.64776975030218	5.952252652976	7.95538498531513	5.99633104339304	5.85937874456625	5.10657570821305	6.64551756786252	5.12611159232724	5.04950022237845	4.57286440260661	6.90355513862654	5.87931807586272	5.87883975957134	5.1340817563979	5.99319273688731	5.27108267027569	5.05806180848313	5.89210306578254	5.29010654238873	4.64848149884774	8.75918358192332	8.15326624022928	6.00930001387681	4.64655849570471	5.62254350569688	5.47677483913005	5.22751212474338	5.19930529599297	5.6912548215187	6.18089596430796	5.53535463849722	5.92880808266704	7.32888028258235	5.42402984590478	6.03684040274314	5.48713795108498	5.82127483012026	5.54934393912525	7.10479838068788	6.97607491517625	7.03778613607177	5.94951076275884	4.94739651605956	5.03246644906708	5.06640718488139	5.68036153403719	5.22440666633336	7.47514812234231	6.19704776905356	5.68167178972305	6.43703798921065	6.42228132540888	7.55005386619632	6.25717848849033	6.73829336829735	6.19928361311388	5.66660183622075	8.52063560743741	7.65713696460388	7.28964290158619	5.53723246444163	7.99225718639111	7.44658469455572	5.69164632664115	6.52712869109694	6.00959535330107	5.53875414970569	5.51573678099142	6.239098931458	7.18791676341403	7.23036179827632	6.64582915606952	6.81871555180762	7.61230449129877	6.22804497482467	5.12791979378273	6.02271904085321	5.6758783828036	5.84110607895961	5.55470788757422	4.4808927475162	7.94669665883062	8.36611258263189	5.86900524067324	6.50499984934394	7.09598554597968	4.45209110207643	3.86974218513921	7.32182597677428	6.5780560160026	7.83370922629468	7.26890427211794	7.48486889051524	6.23357808124972	4.77283045750733	7.07469871187551	5.23363362338521	6.66696234340127	6.33318561135339	5.8126038282515	5.19117984510951	5.07160109724813	5.49495132208161	4.55510001331876	5.62698291458538	5.92652317637508	5.39501991947479	5.24197956298156	5.03725394117762	5.11191480983772	4.86161881229992	4.69319227947935	4.40480088681985	4.87076167037879	5.48618740430555	5.15146393208578	4.4591030124491	4.48057532406558
"82"	5.77337161999291	6.16325114773026	5.4260138965499	5.66975179417859	6.83180216235102	4.73960659619786	5.04992859825918	4.91483525495704	6.16472511858452	6.08922418321793	5.70142947224437	6.4966205527952	7.27259574127014	5.07855033717917	4.58299200965501	4.71076087994995	4.86303863145502	6.0821129498056	4.98005398326893	6.11212419668293	5.71487990874337	6.16356893132013	7.90328922816243	5.91593253493423	5.71744214718043	4.83983313117762	6.46523245838359	4.84437955724593	5.02312276940715	4.80396909004536	6.57758933280388	5.68314478854701	5.67042463795003	4.96814584259511	5.94987214737159	4.9614735859429	5.16154378104413	5.86393805149717	5.35267578942791	4.17701127770496	8.73805726831331	8.02221797817474	5.87388243739113	4.54250325760163	5.71504533659368	5.33076289504283	5.37643733996195	4.24733435920705	5.27941322737614	6.22720337415155	5.08200868890097	6.09800721716999	7.3178390307631	5.50143475771909	6.03029402975143	5.61735256423345	5.67207762118945	5.12958291628927	7.4207964417538	7.17194193892825	7.09482526788578	6.02493491773291	5.17667426980843	5.2658471076113	4.74090111763642	5.58723264111456	5.19015598350551	7.60021226907139	6.39128293299247	4.98630634217517	6.40514957661336	6.54780509263549	7.57041029636663	6.45863074919696	6.91851974368835	6.30979108203686	5.36829506853261	8.52424717705284	7.63575911479319	7.30150398648631	5.6289341637073	7.92716713138581	7.42290420383597	5.49272086782725	6.24870457144887	6.02360099029076	5.11047186247524	5.45430966243091	6.36249434982856	7.07849814294099	7.37520933299806	6.05857291566562	6.725553518277	7.44473334080124	5.9233999324176	5.30438474178037	5.95722511218735	5.82842715801587	5.97347057996473	5.52858455645347	4.30240604690603	7.86672731938899	8.16830209545146	5.67824998043126	6.53074472232351	7.1457767355238	4.75895690839531	4.16820805387108	7.13866104064306	6.53749369292449	7.45588561395613	7.03639771573214	7.17390124529801	5.92411049883956	4.34157774888818	7.10599598216124	5.35761605692644	6.25760874622025	6.04726902481822	5.54994492931975	4.98582963733197	4.75623197315994	5.24343964738467	3.94885740106815	5.73340497035056	5.85292400348592	5.26395522281859	4.79759435084343	4.67218313760625	4.60354663970195	4.56083081982861	4.32555814661495	4.09681133009096	4.84347646294883	5.44701593175987	5.48101112969257	4.21425529818395	3.78104168419716
"85"	6.28042265197998	6.16308500879397	5.88726448969561	5.63589653246404	6.92345587985002	4.73107552722199	5.69053009240895	5.03629945707352	6.3742558664728	6.26807271715897	5.98571309468074	6.74693397656905	7.25111042062319	5.4326090456743	4.28448510185435	4.70415352084262	4.77006692245322	5.98524894744298	4.75320857700383	6.13871405653156	5.64923854371839	6.46680654803065	8.16892802887981	6.25056295437841	6.12212474881365	5.11059981005348	6.82493701772955	5.32347692604615	4.91947421846095	4.54905625744087	6.9706004970955	6.04343891146224	6.09111133837153	5.04072849659744	5.82839298761231	4.99840242273104	5.18754807488717	5.73432408463397	5.17231768586952	4.42679565551188	8.63816546209325	7.98408392669624	5.75746936673853	4.35684794231663	5.62552224067381	5.15197994699683	5.21571289100261	4.67209203650258	5.948535998453	6.06380793320072	5.64543533728961	6.03873815640509	7.30068546351477	5.51133647388663	5.84315270351282	5.57191673108628	6.12573493669223	5.8398017306544	7.37727127292287	7.07144860077446	7.10141916780187	5.78211192400039	5.20637030233192	5.20965385934679	4.81047695832908	5.68181195945171	4.88909689137648	7.77917129500985	6.40230317591261	5.5518021704435	6.47765756665128	6.53812777501907	7.5024644021557	6.30662550736475	6.69344359804336	6.08700758527933	5.50684597529789	8.7148267340842	7.57935446172343	7.18494824147822	5.43227434475175	7.915236746277	7.37905847084484	5.8154348193449	6.58242190573028	6.06952565159835	5.59478390207364	5.54353489995013	6.39727485529164	7.10067341158998	7.40597540084351	0	6.97060463301191	7.63446880587025	6.36461383687697	5.30136362279351	5.94512381940096	5.83200023491083	5.79699801454404	5.4272651729412	4.70269534086504	7.93402961472543	8.32679531442001	6.00621052492401	6.71887752723032	7.21240469737619	5.19068851359587	4.17496817026669	7.2899397243569	6.59580518847719	7.78756312025094	7.19129923639938	7.40997300223872	6.38224007930544	4.6011543036337	7.29087454818276	5.70289689402139	6.5834227803908	6.48463760331418	5.93237862550077	5.2775842330587	5.23794919192962	5.35659179299196	4.34538274967364	5.7708006293572	6.15208674826007	5.63533533751223	5.13014263687093	5.16893273837015	5.04216583036462	5.20635383011397	4.79964231372341	4.67457273957225	4.80147951626076	5.74564259615151	5.4588150050369	4.70510919725214	4.59887593513382
"94"	6.0753472860169	6.32789406411179	5.94347230597347	5.58926401395388	6.7850314220393	4.91794483319874	5.47060642325939	5.38012256420208	6.47437071719556	6.29360759121041	5.99599182762498	6.65499678559291	7.26305938775556	5.31218582213664	4.4077764140142	4.63330783792258	4.80417147485915	6.06768260529738	4.95819445638995	6.14185847634045	5.63508385098738	6.39803450087092	8.11312343260878	6.17646083113241	6.01420667490855	5.3009976395198	6.67967286772199	5.51562736462592	5.14346354759299	4.29568538786793	6.73004205299603	5.96833138602509	5.80579083470107	5.10510908619111	6.13135203989694	5.12508452650749	5.43193890377328	6.05903186766878	5.54604392559454	4.71224981516002	8.8645835167608	8.15107368120341	6.14555625198967	4.83007657939382	5.99251658134927	5.65101968707284	5.66800924057356	5.04075222099554	5.87580818629251	6.34678451129727	5.6344322261466	5.99126228016213	7.3360490614092	5.53486556515878	5.91982145981885	5.47077920538633	6.03889304994774	5.68436539852913	7.46879409886708	7.17323785603501	7.17599425578895	6.06130467317703	5.19270123334024	5.19870271296525	5.31416543188924	5.73709169329953	5.06082357872582	7.86683332047692	6.16948545427987	5.90676885014002	6.29253849249957	6.76365578865751	7.73446033938461	6.45611966058475	6.87693366298251	6.22648003885466	5.94234964636254	8.7009274682262	7.7253391619744	7.43686013945755	5.62586166102129	8.0880676597711	7.61740842810415	6.12809056436214	6.95915939939193	6.16376705571784	6.14959102976762	5.80400932903924	6.4397039753054	7.16672901397925	7.45207223920728	6.15090803281634	7.15363379437697	7.81987525478186	6.59915223168406	5.30210138041814	6.01034745500125	5.77691000182687	6.15237213678366	5.61361436530924	5.07650718619529	7.90137723099182	8.21236501609161	5.88082667806211	6.54853411789989	7.06351011874161	5.20380989429351	4.65493334559196	7.09448195966422	6.56713110206239	7.52247214222492	7.13236216581323	7.30358134982134	6.1209396373875	4.73579524582648	7.00100812938281	5.69171045388009	6.37143473231021	6.18963486731132	5.72752775627864	5.15286783248527	5.02785049057752	5.11920176410059	4.38467216213241	5.39808903296712	5.85447365319705	5.32975513537899	5.04505880045827	4.91012499932465	4.82605017037496	4.90315925143811	4.55734343840484	4.56310227715174	4.88757994490333	4.90569865226076	4.85172010684601	4.46748038795135	4.48889420908546
"95"	6.19845721053101	6.09256135077722	5.54168817829567	5.6278522193155	6.7732533394834	4.965475601285	5.20343651706736	5.06143853016889	6.21763078988255	6.20981114528884	5.91379674508122	6.56857259400775	7.24445006177278	5.53700260971554	4.61829960072555	4.84339643328544	4.95682048740138	6.27940592398242	4.98279202879097	6.40569171151676	5.9390257235936	6.4413634373393	8.25377861971871	6.15234706192092	6.11679795518596	5.07159115345799	6.52392443906667	5.04812509596831	5.14482226055756	4.74535894278042	6.68368206730454	5.78504160991958	5.8572954591837	5.16552950724806	6.0045732775111	5.12944658048373	5.33696018493132	6.04004863758456	5.46575214216725	5.01089839551445	8.90109078657408	8.24344634168328	6.18446088132042	4.69986693790681	5.94663184107455	5.6718327650089	5.56936173515165	4.88276876703088	5.34903592647917	6.37501910009355	5.22926808023423	6.1309628787656	7.56456428304717	5.29837050146042	6.17295623545775	5.29079740850733	5.70149389828662	5.41279575721315	7.48479792433188	7.25972620148852	7.23550117639786	6.15063795184671	5.00068130764992	5.03070939479405	5.1329950612241	5.83838477693828	5.38933994461514	7.71393964179341	6.26058364869237	5.56215089239953	6.50456681806035	6.72754223297012	7.64805785163997	6.55251454356861	6.94585947116353	6.40031033525106	5.83049987621699	8.59804259219352	7.87342669159137	7.45384819239087	5.69219251819026	8.18418161627963	7.70234616827145	5.90876132455172	6.69277300364258	6.14632497458726	5.67843879661752	5.60900873064592	6.50051118487526	7.22347725006247	7.47922681352814	0	7.03460720254335	7.64887685532972	6.3089259972208	5.39580062480615	6.07460106784857	5.89101158176792	6.12608527929521	5.71944465288303	4.8389893640813	8.00906997746979	8.28721257044193	6.02520506447088	6.74720688753624	7.23412583718256	4.8942421598613	4.36262928821505	7.33972068003989	6.64168456342815	7.70211667976824	7.2023264481766	7.31242025636846	6.36668830946048	4.94431716454915	7.15742594029192	5.80270477984518	6.53644985537709	6.23338070971911	5.82487020275378	5.43994785064222	5.23886020660343	5.56097465616682	4.61655742870117	5.81288810001398	5.97932092511898	5.4164113190963	4.9554024073623	5.00499980497566	4.89301827723511	5.13223983195474	4.70805189056218	4.92590072364372	5.1233036925479	5.54551839696616	5.26492921469874	4.57845181559239	4.66691904971102
"100"	6.19053842917026	6.09984183179872	5.87731823658646	5.74572909892041	6.72186467203415	5.01432854992726	5.49594875069864	5.35605914545031	6.49077612244989	6.22612488561777	6.11976776458091	6.80770424817993	7.26840056754119	5.46668319132392	4.73110182464761	4.72307490228635	5.06744321460369	5.92969525345074	4.95490632765085	6.41194294986342	5.93398163642076	6.44436336996027	8.28131772565092	6.34202571222091	6.40847113166066	5.58198161235602	6.97687796547061	4.77361013242984	5.07312569308136	4.91537677424903	7.04149887691588	6.22991722396622	6.02513785094143	4.9795468269013	6.06169707783191	5.03800623263117	5.37888697903171	6.11513602296052	5.56227965694401	4.37013747621193	8.92192644139542	8.25455170225646	6.15466889847186	4.89655663908318	6.10668170926995	5.53338434934023	5.86167972883772	4.9931410303995	5.91948106668506	6.47008604563577	5.65381653495008	6.12673257168282	7.44080380009905	5.33037683645339	6.26848155529389	5.46500416603621	6.09896992972984	5.7333614792525	7.5290600708828	7.26622110975062	7.21754526752923	6.12267516805263	4.95305826416163	4.97854510728853	5.26197001429889	5.81646846609473	5.45875581004432	7.78006508883322	6.44768259032494	5.91445147918786	6.59486658976801	6.73250810898122	7.70522239817502	6.48240889714717	6.89528903245659	6.35061197517759	5.92018846557769	8.66040305913497	7.83242696382504	7.49260856889151	5.74772634380652	8.23608081096951	7.75061475697512	6.34736885609776	7.20665913968735	6.31546631344797	5.97859351676467	5.68806227185957	6.63392452822644	7.46991269308775	7.43666267268403	5.52622939732716	7.49028162044176	8.10129123790589	6.49569471892548	5.50977345254105	6.31446596517338	6.05652829958949	6.12058281441122	5.85423302559811	5.30438474178037	8.35917462459704	8.60917228759104	5.86757643084188	7.06575705588343	7.44682706593174	5.45648886339246	4.6519160936302	7.84365795418498	6.97462018372379	7.9433781608422	7.48586673470243	7.432174815344	6.1750581475436	4.77255566386298	7.36419966569565	5.97185660751958	6.75132191530082	6.33240007870731	5.80378175914682	5.20905688720645	5.01154422444374	5.82462586360973	4.43429163347646	5.85180478767358	6.09815725126786	5.49453944221411	5.18782377518405	5.04019079157107	4.99711230792315	4.96557753480463	4.59760667295503	4.39891382032728	5.22540000877414	5.8800047088659	5.54514995014142	4.50985199915194	4.39464111798403
"103"	6.39292423902391	6.49739122094445	6.24536680921049	5.96002831390454	7.04434020562538	4.82534769099573	6.02250177848341	5.29991873559739	6.61018675835821	6.50123349306241	6.23235587976729	6.90558207933533	7.57217710499872	5.29840807857838	4.56300357368451	4.67050727904373	4.91901807187086	6.11681255783781	5.18212521658375	6.10961532708623	5.57093946113523	6.19724029785044	8.08401437002906	6.06766551033753	5.74407546841509	5.49712282465518	6.99608947461166	5.51761916174727	5.21913454430738	4.55136642484231	7.24852964099864	6.27521250385905	6.41600340781447	5.03079395750953	6.10437954865232	5.35657650712244	5.42620047511113	6.12135233119287	5.62175502456074	4.14133624621508	8.92529419324661	8.21721012078098	6.48435935497136	5.01395188768402	5.80957149765904	5.72736343640896	5.50957131432718	5.67640157413695	6.27310016413367	6.33543262461681	6.02495378016955	6.0550616703322	7.58072202953023	5.77935012880904	6.4226850262447	5.75548106925187	6.28775829831042	6.20206144161663	7.52625305620677	7.24286901319916	7.56476734837432	6.15807709099151	5.45716615893802	5.48530041099297	5.57129774582952	5.75217925452692	5.59224161904249	7.85320494060872	6.36639325607161	6.35633472776795	6.66508403524625	6.79476965421532	7.90790535843362	6.60016603511963	7.06879715552246	6.4070567686635	6.24758271650323	8.8086453203012	7.89548116631268	7.5946735905071	5.67676181136064	8.10152677855591	7.74019170173793	6.54460375728164	7.38477477822228	6.29465357169128	6.40157508519002	5.78299403774098	6.55894005257453	7.24767799297831	7.55819323003373	0	7.67656650274625	8.31644424406613	6.94065571575104	5.44080505922701	6.09578947866983	5.96858618629315	5.97455967893561	5.64615445005302	5.52065944205424	8.65307496540977	9.0187150581031	5.88725058300707	7.15771962260124	7.63480241583775	5.58419967202795	4.67050523871224	8.16479703674974	7.31296438365536	8.53080178418253	7.84624888323514	7.89640577776501	7.21914896563508	5.59608531624356	7.5623153519995	6.35058737216105	7.31631785177862	7.09275256661094	6.70531108871979	6.00289057761804	6.08731351868533	6.01370789185106	5.42025205749657	6.06307615945337	6.67203853110556	6.15045094515294	5.56310548374736	6.00499121842384	5.83992738191272	5.92314491770027	5.56528487740841	5.39552750261424	4.97629219152132	6.09141650671293	5.12218637802309	5.48896155082451	5.42769411814012
